-- phpMyAdmin SQL Dump
-- version 5.2.1
-- https://www.phpmyadmin.net/
--
-- Host: 127.0.0.1
-- Generation Time: Jul 14, 2024 at 08:35 PM
-- Server version: 10.4.32-MariaDB
-- PHP Version: 8.2.12

SET SQL_MODE = "NO_AUTO_VALUE_ON_ZERO";
START TRANSACTION;
SET time_zone = "+00:00";


/*!40101 SET @OLD_CHARACTER_SET_CLIENT=@@CHARACTER_SET_CLIENT */;
/*!40101 SET @OLD_CHARACTER_SET_RESULTS=@@CHARACTER_SET_RESULTS */;
/*!40101 SET @OLD_COLLATION_CONNECTION=@@COLLATION_CONNECTION */;
/*!40101 SET NAMES utf8mb4 */;

--
-- Database: `online_food`
--

-- --------------------------------------------------------

--
-- Table structure for table `admin`
--

CREATE TABLE `admin` (
  `id` int(11) NOT NULL,
  `name` varchar(50) NOT NULL,
  `username` varchar(50) NOT NULL,
  `password` varchar(50) NOT NULL,
  `email` varchar(50) NOT NULL
) ENGINE=InnoDB DEFAULT CHARSET=latin1 COLLATE=latin1_swedish_ci;

--
-- Dumping data for table `admin`
--

INSERT INTO `admin` (`id`, `name`, `username`, `password`, `email`) VALUES
(1, 'Admin', 'admin', 'admin', 'admin@gmail.com');

-- --------------------------------------------------------

--
-- Table structure for table `banner`
--

CREATE TABLE `banner` (
  `id` int(11) NOT NULL,
  `image` varchar(100) NOT NULL,
  `heading` varchar(500) NOT NULL,
  `sub_heading` varchar(500) NOT NULL,
  `link` varchar(100) NOT NULL,
  `link_txt` varchar(100) NOT NULL,
  `order_number` int(11) NOT NULL,
  `added_on` datetime NOT NULL,
  `status` int(11) NOT NULL
) ENGINE=InnoDB DEFAULT CHARSET=latin1 COLLATE=latin1_swedish_ci;

--
-- Dumping data for table `banner`
--

INSERT INTO `banner` (`id`, `image`, `heading`, `sub_heading`, `link`, `link_txt`, `order_number`, `added_on`, `status`) VALUES
(1, '949818013_slider-5.png', 'Drink & Heathy Food', 'You call, we deliver', 'shop', 'Order Now', 1, '2020-06-23 03:00:05', 1),
(2, '449154855_slider-7.jpg', 'Everyday is grocery day', 'The best grocery delivery service in town', 'shop', 'Order Now', 1, '2020-06-23 03:06:53', 1);

-- --------------------------------------------------------

--
-- Table structure for table `category`
--

CREATE TABLE `category` (
  `id` int(11) NOT NULL,
  `category` varchar(50) NOT NULL,
  `order_number` int(11) NOT NULL,
  `status` int(11) NOT NULL,
  `added_on` datetime NOT NULL
) ENGINE=InnoDB DEFAULT CHARSET=latin1 COLLATE=latin1_swedish_ci;

--
-- Dumping data for table `category`
--

INSERT INTO `category` (`id`, `category`, `order_number`, `status`, `added_on`) VALUES
(1, ' Medicine', 1, 1, '2020-06-16 12:06:33'),
(2, 'Masala', 2, 1, '2020-06-16 12:06:41'),
(3, 'Rice', 3, 1, '2020-06-16 12:06:59'),
(4, 'Desserts', 4, 1, '2020-06-16 12:07:18'),
(5, 'flowers', 0, 1, '2020-06-27 12:49:37');

-- --------------------------------------------------------

--
-- Table structure for table `contact_us`
--

CREATE TABLE `contact_us` (
  `id` int(11) NOT NULL,
  `name` varchar(100) NOT NULL,
  `email` varchar(100) NOT NULL,
  `mobile` varchar(15) NOT NULL,
  `subject` varchar(200) NOT NULL,
  `message` text NOT NULL,
  `added_on` datetime NOT NULL
) ENGINE=InnoDB DEFAULT CHARSET=latin1 COLLATE=latin1_swedish_ci;

--
-- Dumping data for table `contact_us`
--

INSERT INTO `contact_us` (`id`, `name`, `email`, `mobile`, `subject`, `message`, `added_on`) VALUES
(1, 'Sayantan', 'sayantan@gmail.com', '9999999999', 'Test Subject', 'test message', '2020-06-23 03:21:43');

-- --------------------------------------------------------

--
-- Table structure for table `coupon_code`
--

CREATE TABLE `coupon_code` (
  `id` int(11) NOT NULL,
  `coupon_code` varchar(20) NOT NULL,
  `coupon_type` enum('P','F') NOT NULL,
  `coupon_value` int(11) NOT NULL,
  `cart_min_value` int(11) NOT NULL,
  `expired_on` date NOT NULL,
  `status` int(11) NOT NULL,
  `added_on` datetime NOT NULL
) ENGINE=InnoDB DEFAULT CHARSET=latin1 COLLATE=latin1_swedish_ci;

--
-- Dumping data for table `coupon_code`
--

INSERT INTO `coupon_code` (`id`, `coupon_code`, `coupon_type`, `coupon_value`, `cart_min_value`, `expired_on`, `status`, `added_on`) VALUES
(1, 'FIRST50', 'P', 10, 50, '2024-08-15', 1, '2024-07-14 11:47:45'),
(2, 'FRIDAY', 'F', 200, 200, '2024-08-15', 1, '2024-07-14 11:47:45');

-- --------------------------------------------------------

--
-- Table structure for table `delivery_boy`
--

CREATE TABLE `delivery_boy` (
  `id` int(11) NOT NULL,
  `name` varchar(50) NOT NULL,
  `mobile` varchar(50) NOT NULL,
  `password` varchar(50) NOT NULL,
  `status` int(11) NOT NULL,
  `added_on` datetime NOT NULL
) ENGINE=InnoDB DEFAULT CHARSET=latin1 COLLATE=latin1_swedish_ci;

--
-- Dumping data for table `delivery_boy`
--

INSERT INTO `delivery_boy` (`id`, `name`, `mobile`, `password`, `status`, `added_on`) VALUES
(1, 'Rohan', '1234567890', 'rohan', 1, '2024-07-08 08:06:06'),
(2, 'Sandip', '1234567891', 'sandip', 1, '2024-07-08 08:06:06');

-- --------------------------------------------------------

--
-- Table structure for table `dish`
--

CREATE TABLE `dish` (
  `id` int(11) NOT NULL,
  `category_id` int(11) NOT NULL,
  `dish` varchar(100) NOT NULL,
  `dish_detail` text NOT NULL,
  `image` varchar(100) NOT NULL,
  `type` enum('veg','non-veg') NOT NULL,
  `status` int(11) NOT NULL,
  `added_on` datetime NOT NULL
) ENGINE=InnoDB DEFAULT CHARSET=latin1 COLLATE=latin1_swedish_ci;

--
-- Dumping data for table `dish`
--

INSERT INTO `dish` (`id`, `category_id`, `dish`, `dish_detail`, `image`, `type`, `status`, `added_on`) VALUES
(1, 4, 'Gulab Jamun(Dafadar Mistanna Bhandar)', 'Gulab Jamun', '207238242_gol.jpg', 'veg', 1, '2024-07-14 11:47:45'),
(3, 1, 'Paracetamol(Apollo Pharmacy)', 'Paracetamol(Apollo Pharmacy) ', '713767186_unnamed.png', 'veg', 1, '2024-07-14 11:47:45'),
(4, 2, 'Turmeric(Sm Shop)', 'Turmeric best quality', '873724119_Turmeric.png', 'veg', 1, '2024-07-14 11:47:45'),
(5, 2, 'Jeera(Naskar shop)', 'Good Jeera', '344253281_pngtree-spice-seasoning-cumin-food-ingredients-agricultural-products-png-image_3936934.jpg', 'veg', 1, '2024-07-14 11:47:45'),
(6, 5, 'Lotus(Ms flower shop)', 'fresh lotus', '780955209_pngtree-lotus-png-file-png-image_10160217.png', 'veg', 1, '2024-07-09 01:45:16'),
(7, 3, 'Basmati rice (Naskar shop) ', 'Best quality rice', '382091283_rice.jpg', 'non-veg', 1, '2024-07-09 02:08:37');

-- --------------------------------------------------------

--
-- Table structure for table `dish_cart`
--

CREATE TABLE `dish_cart` (
  `id` int(11) NOT NULL,
  `user_id` int(11) NOT NULL,
  `dish_detail_id` int(11) NOT NULL,
  `qty` int(11) NOT NULL,
  `added_on` datetime NOT NULL
) ENGINE=InnoDB DEFAULT CHARSET=latin1 COLLATE=latin1_swedish_ci;

--
-- Dumping data for table `dish_cart`
--

INSERT INTO `dish_cart` (`id`, `user_id`, `dish_detail_id`, `qty`, `added_on`) VALUES
(3, 2, 6, 2, '2020-07-21 09:18:31');

-- --------------------------------------------------------

--
-- Table structure for table `dish_details`
--

CREATE TABLE `dish_details` (
  `id` int(11) NOT NULL,
  `dish_id` int(11) NOT NULL,
  `attribute` varchar(100) NOT NULL,
  `price` int(11) NOT NULL,
  `status` int(11) NOT NULL,
  `added_on` datetime NOT NULL
) ENGINE=InnoDB DEFAULT CHARSET=latin1 COLLATE=latin1_swedish_ci;

--
-- Dumping data for table `dish_details`
--

INSERT INTO `dish_details` (`id`, `dish_id`, `attribute`, `price`, `status`, `added_on`) VALUES
(1, 3, '10', 60, 1, '2020-06-19 10:25:47'),
(2, 3, '5', 30, 1, '2020-06-19 10:49:45'),
(6, 1, 'Per Piece', 10, 1, '2020-06-20 00:00:00'),
(8, 4, '500g', 100, 1, '2020-06-27 12:50:50'),
(9, 4, '1kg', 190, 1, '2020-06-27 12:50:50'),
(11, 5, '500', 100, 1, '2020-07-06 12:00:24'),
(12, 5, '1kg', 200, 1, '2020-07-06 12:00:24'),
(13, 6, 'Per Piece', 20, 1, '2024-07-14 12:22:49'),
(14, 7, '1kg', 100, 1, '2024-07-14 12:28:27'),
(15, 7, '500g', 50, 1, '2024-07-14 12:28:27');

-- --------------------------------------------------------

--
-- Table structure for table `order_detail`
--

CREATE TABLE `order_detail` (
  `id` int(11) NOT NULL,
  `order_id` int(11) NOT NULL,
  `dish_details_id` int(11) NOT NULL,
  `price` float NOT NULL,
  `qty` int(11) NOT NULL
) ENGINE=InnoDB DEFAULT CHARSET=latin1 COLLATE=latin1_swedish_ci;

--
-- Dumping data for table `order_detail`
--

INSERT INTO `order_detail` (`id`, `order_id`, `dish_details_id`, `price`, `qty`) VALUES
(1, 1, 6, 40, 6),
(2, 2, 6, 40, 4),
(3, 3, 6, 40, 3),
(4, 4, 6, 10, 10),
(5, 5, 13, 20, 11);

-- --------------------------------------------------------

--
-- Table structure for table `order_master`
--

CREATE TABLE `order_master` (
  `id` int(11) NOT NULL,
  `user_id` int(11) NOT NULL,
  `name` varchar(50) NOT NULL,
  `email` varchar(50) NOT NULL,
  `mobile` varchar(50) NOT NULL,
  `address` text NOT NULL,
  `total_price` float NOT NULL,
  `coupon_code` varchar(20) NOT NULL,
  `final_price` float NOT NULL,
  `zipcode` varchar(10) NOT NULL,
  `delivery_boy_id` int(11) NOT NULL,
  `payment_status` varchar(20) NOT NULL,
  `payment_type` varchar(10) NOT NULL,
  `payment_id` varchar(100) NOT NULL,
  `order_status` int(11) NOT NULL,
  `cancel_by` enum('user','admin') NOT NULL,
  `cancel_at` datetime NOT NULL,
  `added_on` datetime NOT NULL,
  `delivered_on` datetime NOT NULL
) ENGINE=InnoDB DEFAULT CHARSET=latin1 COLLATE=latin1_swedish_ci;

--
-- Dumping data for table `order_master`
--

INSERT INTO `order_master` (`id`, `user_id`, `name`, `email`, `mobile`, `address`, `total_price`, `coupon_code`, `final_price`, `zipcode`, `delivery_boy_id`, `payment_status`, `payment_type`, `payment_id`, `order_status`, `cancel_by`, `cancel_at`, `added_on`, `delivered_on`) VALUES
(1, 2, 'Saifuddin', 'ervishalwebdeveloper@gmail.com', '9999999999', 'Test', 240, '', 240, '110076', 0, 'pending', 'wallet', '', 5, 'admin', '2024-07-11 08:28:59', '2024-07-11 07:29:59', '0000-00-00 00:00:00'),
(2, 2, 'Sayantan', 'ervishalwebdeveloper@gmail.com', '9999999999', 'test', 160, '', 160, '110076', 0, 'pending', 'wallet', '', 4, 'user', '0000-00-00 00:00:00', '2024-07-11 07:29:59', '0000-00-00 00:00:00'),
(3, 5, 'Saifuddin', 'phpvishal@gmail.com', '9999999999', 'Test', 120, '', 120, '110076', 0, 'pending', 'cod', '', 4, 'user', '0000-00-00 00:00:00', '2024-07-11 09:29:59', '0000-00-00 00:00:00'),
(4, 7, 'Sayantan ', 'bwubca21043@brainwareuniversity.ac.in', '7318916250', 'Barasat', 100, '', 100, '21312312', 1, 'pending', 'cod', '', 3, 'user', '0000-00-00 00:00:00', '2024-07-11 08:29:59', '0000-00-00 00:00:00'),
(5, 9, 'sayantan', 'bwubca21043@brainwareuniversity.ac.in', '7318916250', 'Berachampa', 220, 'FIRST50 ', 198, '7318916250', 1, 'pending', 'cod', '', 4, 'user', '0000-00-00 00:00:00', '2024-07-14 01:56:37', '2024-07-14 14:00:45');

-- --------------------------------------------------------

--
-- Table structure for table `order_status`
--

CREATE TABLE `order_status` (
  `id` int(11) NOT NULL,
  `order_status` varchar(50) NOT NULL
) ENGINE=InnoDB DEFAULT CHARSET=latin1 COLLATE=latin1_swedish_ci;

--
-- Dumping data for table `order_status`
--

INSERT INTO `order_status` (`id`, `order_status`) VALUES
(1, 'Pending'),
(2, 'On the Way'),
(3, 'On the Way'),
(4, 'Delivered'),
(5, 'Cancel');

-- --------------------------------------------------------

--
-- Table structure for table `rating`
--

CREATE TABLE `rating` (
  `id` int(11) NOT NULL,
  `user_id` int(11) NOT NULL,
  `order_id` int(11) NOT NULL,
  `dish_detail_id` int(11) NOT NULL,
  `rating` int(11) NOT NULL
) ENGINE=InnoDB DEFAULT CHARSET=latin1 COLLATE=latin1_swedish_ci;

--
-- Dumping data for table `rating`
--

INSERT INTO `rating` (`id`, `user_id`, `order_id`, `dish_detail_id`, `rating`) VALUES
(1, 1, 6, 1, 5);

-- --------------------------------------------------------

--
-- Table structure for table `setting`
--

CREATE TABLE `setting` (
  `id` int(11) NOT NULL,
  `cart_min_price` int(11) NOT NULL,
  `cart_min_price_msg` varchar(250) NOT NULL,
  `website_close` int(11) NOT NULL,
  `wallet_amt` int(11) NOT NULL,
  `website_close_msg` varchar(250) NOT NULL,
  `referral_amt` int(11) NOT NULL
) ENGINE=InnoDB DEFAULT CHARSET=latin1 COLLATE=latin1_swedish_ci;

--
-- Dumping data for table `setting`
--

INSERT INTO `setting` (`id`, `cart_min_price`, `cart_min_price_msg`, `website_close`, `wallet_amt`, `website_close_msg`, `referral_amt`) VALUES
(1, 40, 'Cart min price will be 50 rs', 0, 0, 'Website Closed for today', 50);

-- --------------------------------------------------------

--
-- Table structure for table `user`
--

CREATE TABLE `user` (
  `id` int(11) NOT NULL,
  `name` varchar(50) NOT NULL,
  `email` varchar(50) NOT NULL,
  `mobile` varchar(15) NOT NULL,
  `password` varchar(100) NOT NULL,
  `status` int(11) NOT NULL,
  `email_verify` int(11) NOT NULL,
  `rand_str` varchar(20) NOT NULL,
  `referral_code` varchar(20) NOT NULL,
  `from_referral_code` varchar(20) NOT NULL,
  `added_on` datetime NOT NULL
) ENGINE=InnoDB DEFAULT CHARSET=latin1 COLLATE=latin1_swedish_ci;

--
-- Dumping data for table `user`
--

INSERT INTO `user` (`id`, `name`, `email`, `mobile`, `password`, `status`, `email_verify`, `rand_str`, `referral_code`, `from_referral_code`, `added_on`) VALUES
(2, 'Saifuddin', 'ervishalwebdeveloper@gmail.com', '9999999999', '$2y$10$cZ6sSDVYUINCnynmB3Tbuend7e7bRqgCPeD.RPmxdRucxKhbSo/52', 1, 1, 'lmkaetixyrzqoqy', 'lmkaetixyrzqoqds', '', '2024-07-14 11:47:45'),
(5, 'Saifuddin', 'phpvishal@gmail.com', '9999999999', '$2y$10$wWBWMJTK37jkyLujN8YQoOVfQQt/3.B9ruoaNkjruQEwz4ZVfvNJa', 1, 1, 'zdoxxhajyeqtgpp', 'lhqtkjofzevfdai', 'lmkaetixyrzqoqds', '2024-07-14 11:47:45'),
(9, 'sayantan', 'bwubca21043@brainwareuniversity.ac.in', '7318916250', '$2y$10$irijub.rJyj98jH5vr1zVeZkoXNBN/tDTbjOUSsLZXFc2VqkNKTbu', 1, 1, 'vjdklnvtxazqgbw', 'honqrxujorpzmvd', '', '2024-07-14 11:47:45');

-- --------------------------------------------------------

--
-- Table structure for table `wallet`
--

CREATE TABLE `wallet` (
  `id` int(11) NOT NULL,
  `user_id` int(11) NOT NULL,
  `amt` int(11) NOT NULL,
  `msg` varchar(500) NOT NULL,
  `type` enum('in','out') NOT NULL,
  `payment_id` varchar(50) NOT NULL,
  `added_on` datetime NOT NULL
) ENGINE=InnoDB DEFAULT CHARSET=latin1 COLLATE=latin1_swedish_ci;

--
-- Dumping data for table `wallet`
--

INSERT INTO `wallet` (`id`, `user_id`, `amt`, `msg`, `type`, `payment_id`, `added_on`) VALUES
(2, 2, 50, 'Registration', 'in', '', '2020-07-18 05:11:38'),
(4, 2, 50, 'Shoping', 'out', '', '0000-00-00 00:00:00'),
(5, 2, 100, 'Added', 'in', '', '0000-00-00 00:00:00'),
(7, 2, 100, 'Added', 'in', '', '2020-07-18 05:58:29'),
(8, 2, 20, 'Added', 'in', '', '2020-07-18 05:59:02'),
(9, 2, 15, 'Added', 'in', '', '2020-07-18 06:00:35'),
(10, 2, 30, 'Added', 'in', '', '2020-07-18 06:01:17'),
(11, 2, 10, 'Added', 'in', '20200718111212800110168602301710786', '2020-07-18 06:04:04'),
(13, 2, 160, 'Order Id-2', 'out', '', '2020-07-18 06:09:59'),
(14, 2, 800, 'Added', 'in', '20200718111212800110168644701732407', '2020-07-18 06:17:19'),
(15, 3, 0, 'Register', 'in', '', '2020-07-18 08:00:53'),
(16, 2, 200, 'Order Id-3', 'out', '', '2020-07-19 04:29:04'),
(17, 2, 200, 'Order Id-4', 'out', '', '2020-07-19 04:30:51'),
(18, 3, 100, 'Test msg', 'in', '', '2020-07-21 08:22:33'),
(19, 2, 200, 'Test Msg', 'in', '', '2020-07-21 08:22:46'),
(22, 2, 50, 'Referral Amt from phpvishal@gmail.com', 'in', '', '2020-07-23 09:12:28');

--
-- Indexes for dumped tables
--

--
-- Indexes for table `admin`
--
ALTER TABLE `admin`
  ADD PRIMARY KEY (`id`);

--
-- Indexes for table `banner`
--
ALTER TABLE `banner`
  ADD PRIMARY KEY (`id`);

--
-- Indexes for table `category`
--
ALTER TABLE `category`
  ADD PRIMARY KEY (`id`);

--
-- Indexes for table `contact_us`
--
ALTER TABLE `contact_us`
  ADD PRIMARY KEY (`id`);

--
-- Indexes for table `coupon_code`
--
ALTER TABLE `coupon_code`
  ADD PRIMARY KEY (`id`);

--
-- Indexes for table `delivery_boy`
--
ALTER TABLE `delivery_boy`
  ADD PRIMARY KEY (`id`);

--
-- Indexes for table `dish`
--
ALTER TABLE `dish`
  ADD PRIMARY KEY (`id`);

--
-- Indexes for table `dish_cart`
--
ALTER TABLE `dish_cart`
  ADD PRIMARY KEY (`id`);

--
-- Indexes for table `dish_details`
--
ALTER TABLE `dish_details`
  ADD PRIMARY KEY (`id`);

--
-- Indexes for table `order_detail`
--
ALTER TABLE `order_detail`
  ADD PRIMARY KEY (`id`);

--
-- Indexes for table `order_master`
--
ALTER TABLE `order_master`
  ADD PRIMARY KEY (`id`);

--
-- Indexes for table `order_status`
--
ALTER TABLE `order_status`
  ADD PRIMARY KEY (`id`);

--
-- Indexes for table `rating`
--
ALTER TABLE `rating`
  ADD PRIMARY KEY (`id`);

--
-- Indexes for table `setting`
--
ALTER TABLE `setting`
  ADD PRIMARY KEY (`id`);

--
-- Indexes for table `user`
--
ALTER TABLE `user`
  ADD PRIMARY KEY (`id`);

--
-- Indexes for table `wallet`
--
ALTER TABLE `wallet`
  ADD PRIMARY KEY (`id`);

--
-- AUTO_INCREMENT for dumped tables
--

--
-- AUTO_INCREMENT for table `admin`
--
ALTER TABLE `admin`
  MODIFY `id` int(11) NOT NULL AUTO_INCREMENT, AUTO_INCREMENT=2;

--
-- AUTO_INCREMENT for table `banner`
--
ALTER TABLE `banner`
  MODIFY `id` int(11) NOT NULL AUTO_INCREMENT, AUTO_INCREMENT=6;

--
-- AUTO_INCREMENT for table `category`
--
ALTER TABLE `category`
  MODIFY `id` int(11) NOT NULL AUTO_INCREMENT, AUTO_INCREMENT=6;

--
-- AUTO_INCREMENT for table `contact_us`
--
ALTER TABLE `contact_us`
  MODIFY `id` int(11) NOT NULL AUTO_INCREMENT, AUTO_INCREMENT=2;

--
-- AUTO_INCREMENT for table `coupon_code`
--
ALTER TABLE `coupon_code`
  MODIFY `id` int(11) NOT NULL AUTO_INCREMENT, AUTO_INCREMENT=3;

--
-- AUTO_INCREMENT for table `delivery_boy`
--
ALTER TABLE `delivery_boy`
  MODIFY `id` int(11) NOT NULL AUTO_INCREMENT, AUTO_INCREMENT=3;

--
-- AUTO_INCREMENT for table `dish`
--
ALTER TABLE `dish`
  MODIFY `id` int(11) NOT NULL AUTO_INCREMENT, AUTO_INCREMENT=9;

--
-- AUTO_INCREMENT for table `dish_cart`
--
ALTER TABLE `dish_cart`
  MODIFY `id` int(11) NOT NULL AUTO_INCREMENT, AUTO_INCREMENT=11;

--
-- AUTO_INCREMENT for table `dish_details`
--
ALTER TABLE `dish_details`
  MODIFY `id` int(11) NOT NULL AUTO_INCREMENT, AUTO_INCREMENT=16;

--
-- AUTO_INCREMENT for table `order_detail`
--
ALTER TABLE `order_detail`
  MODIFY `id` int(11) NOT NULL AUTO_INCREMENT, AUTO_INCREMENT=6;

--
-- AUTO_INCREMENT for table `order_master`
--
ALTER TABLE `order_master`
  MODIFY `id` int(11) NOT NULL AUTO_INCREMENT, AUTO_INCREMENT=6;

--
-- AUTO_INCREMENT for table `order_status`
--
ALTER TABLE `order_status`
  MODIFY `id` int(11) NOT NULL AUTO_INCREMENT, AUTO_INCREMENT=6;

--
-- AUTO_INCREMENT for table `rating`
--
ALTER TABLE `rating`
  MODIFY `id` int(11) NOT NULL AUTO_INCREMENT, AUTO_INCREMENT=2;

--
-- AUTO_INCREMENT for table `setting`
--
ALTER TABLE `setting`
  MODIFY `id` int(11) NOT NULL AUTO_INCREMENT, AUTO_INCREMENT=2;

--
-- AUTO_INCREMENT for table `user`
--
ALTER TABLE `user`
  MODIFY `id` int(11) NOT NULL AUTO_INCREMENT, AUTO_INCREMENT=10;

--
-- AUTO_INCREMENT for table `wallet`
--
ALTER TABLE `wallet`
  MODIFY `id` int(11) NOT NULL AUTO_INCREMENT, AUTO_INCREMENT=23;
COMMIT;

/*!40101 SET CHARACTER_SET_CLIENT=@OLD_CHARACTER_SET_CLIENT */;
/*!40101 SET CHARACTER_SET_RESULTS=@OLD_CHARACTER_SET_RESULTS */;
/*!40101 SET COLLATION_CONNECTION=@OLD_COLLATION_CONNECTION */;
